{
    "type": "boundingBox",
    "north": 13.01378488503507,
    "south": 13.00940761197399,
    "east": 80.23942748389136,
    "west": 80.23368260925976
}