{
    "a": 80.23340715722598,
    "b": 80.23947533751969,
    "c": 13.01240321235962,
    "f": 13.010025479685813,
    "i": null,
    "g": null,
    "l": null
}